referenceNumber,model,type,customerFullName
1284,Challenger,Dodge,Leora Casiroli
1297,Tahoe,Chevrolet,Ramon Playfoot
#CONSIDER THIS AS COMMENT AND SKIP IT
2439,Sedona,Kia,Zacharias Crozier
2940,DTS,Cadillac,Orelee Syphus
1040,Wrangler,Jeep,Andi Gleadhall
2308,Econoline E350,Ford,Wes Averies
#CONSIDER THIS AS COMMENT AND SKIP IT
1441,Jetta,Volkswagen,Chanda Paulino
1076,Traverse,Chevrolet,Gwenneth Pude
1886,MPV,Mazda,Winifield Byars
1569,Vandura 1500,GMC,Berni Iceton
2422,Acadia,GMC,Sinclair Doul
2685,E-Class,Mercedes-Benz,Ruddie Matusevich
#CONSIDER THIS AS COMMENT AND SKIP IT
2081,Express 3500,Chevrolet,Sloan Celle
1343,Continental,Lincoln,Klarrisa Fauguel
2153,Aztek,Pontiac,Bobine Stollberger
1758,C30,Volvo,Perry Killelay
1651,Town & Country,Chrysler,Nikos Chellingworth
1382,9-3,Saab,Tommy Cristou
2509,New Beetle,Volkswagen,Elvis Sorbey
2558,Patriot,Jeep,Rocky Excell
1890,Rendezvous,Buick,Israel Northill
2778,Sienna,Toyota,Magdaia Skally
1043,MR2,Toyota,Selina Morteo
1349,Sportage,Kia,Robin Bayns
#CONSIDER THIS AS COMMENT AND SKIP IT
2679,Stratus,Dodge,Sofia Baynes
1527,Silverado 3500,Chevrolet,Adan Hymor
1588,Bonneville,Pontiac,Alanson Priddie
2687,Z4,BMW,Fidelio Binder
2443,E350,Ford,Georgy Itzcovichch
1504,Metro,Chevrolet,Barbette Camerana
2983,Insight,Honda,Haywood Glen
1830,Savana 3500,GMC,Fanni Fay
1127,XL-7,Suzuki,Roland Quartley
2356,Sonata,Hyundai,Kaylee Penniall
1171,ES,Lexus,Ellissa Ducker
2441,Safari,GMC,Claude Nilles
2661,Range Rover,Land Rover,Gerik Dreng
2242,Charger,Dodge,Olympia Larmuth
1416,Allroad,Audi,Gay Abrahamoff
2831,F150,Ford,Feliks Brehault
1735,Mirage,Mitsubishi,Doug Elphick
1823,LS,Lexus,Carmen Flukes
1528,XJ,Jaguar,Kelsy Vonderdell
2579,A4,Audi,Trace Yuryshev
2753,GS,Lexus,Hinze Muddiman
2698,Galant,Mitsubishi,Margeaux Hillhouse
2114,A8,Audi,Joannes Cornelis
2848,XC90,Volvo,Bili Walton
2022,Accord,Honda,Georges Downham
2587,Solara,Toyota,Cherie Sabatini
2680,Astro,Chevrolet,Alfons Denacamp
1294,G35,Infiniti,Brien Leggate
1039,928,Porsche,Delbert Dericut
1464,Coupe,Maserati,Florence Skirvane
1649,Sierra 1500,GMC,Cornell Koenen
2361,Supra,Toyota,Giselle McCarrick
2830,9-2X,Saab,Sinclare Moulden
2954,SL-Class,Mercedes-Benz,Clio Marran
2894,Prizm,Chevrolet,Stoddard Yearns
1778,B-Series,Mazda,Wenda Warburton
1980,Bronco II,Ford,Eartha Daudray
1470,3500 Club Coupe,GMC,Gabrielle Shorthill
1432,X6,BMW,Leticia Peascod
2231,Insight,Honda,Melanie McKinna
1953,6 Series,BMW,Maynord Gierth
2287,1500,Chevrolet,Mitchell Bernhart
2687,Freelander,Land Rover,Augusto Sackes
1464,SC,Lexus,Maynord Cameli
1239,911,Porsche,Susanetta Whife
2407,Pathfinder,Nissan,Buckie Renzullo
1359,Express 3500,Chevrolet,Nestor Figin
1340,A4,Audi,Rosalynd Chater
2554,i-290,Isuzu,Lay Rawsthorne
2725,S60,Volvo,Merrel Winterburn
1499,TL,Acura,Becca Russam
2797,Cobalt SS,Chevrolet,Cariotta Moulsdale
2739,Flex,Ford,Chantalle Servant
1629,Rio,Kia,Gillie Skentelbery
2219,H1,Hummer,Sara Dorwood
2284,Savana 1500,GMC,Portia Fance
1342,Sunbird,Pontiac,Magda Kilius
1029,Dakota,Dodge,Frasco Lorroway
1249,Aveo,Chevrolet,Rosene Eckford
1923,Altima,Nissan,Perri Vaughn
1614,500E,Mercedes-Benz,Marlie Riepl
2582,Lightning,Ford,Dorree Carlaw
1553,Pajero,Mitsubishi,Nicol Adamson
1356,Colorado,Chevrolet,Rochette Spellesy
1920,Sunfire,Pontiac,Gino Jonas
2334,Escalade,Cadillac,Raye Haldane
1542,Caprice,Chevrolet,Luigi Huff
2731,SLR McLaren,Mercedes-Benz,Lanny Lammerding
2501,Sorento,Kia,Dukie Ridout
1919,G-Class,Mercedes-Benz,Sybil Alvis
2975,V40,Volvo,Vania Whittlesee
1524,Ram Wagon B150,Dodge,Dayle Arnefield
1791,968,Porsche,Consalve Slowey
1798,Expedition EL,Ford,Marylynne Southgate
2946,M,Infiniti,Celestina Braidon
2201,Dakota Club,Dodge,Scott Alps
2132,Maxima,Nissan,Wallas Alliker
1084,Highlander Hybrid,Toyota,Beverlie Gaffer
1450,6 Series,BMW,Milly Lazar
1502,Millenia,Mazda,Care Twiggs
1533,Festiva,Ford,Anthe Brownsett
1387,Corvette,Chevrolet,Rube Garrique
1558,Accent,Hyundai,Darrell Buzin
1448,Sierra,GMC,Hayley Beseke
1252,GTO,Mitsubishi,Jaquith Underwood
2531,Gallardo,Lamborghini,Pearle Morden
2969,Stealth,Dodge,Constantino Lefeaver
2265,Dakota Club,Dodge,Francklyn Terney
2544,Lancer,Mitsubishi,Batholomew Leithgoe
2711,F450,Ford,Maude Pelman
2364,98,Oldsmobile,Erick Thuillier
1460,STS-V,Cadillac,Jessee Thake
2080,Phantom,Rolls-Royce,Sax Cully
1151,Avalanche,Chevrolet,Gaylord Jankovsky
2579,Cooper,MINI,Marigold Ruperti
1468,Mirage,Mitsubishi,Dulcine Romagosa
1561,Corrado,Volkswagen,Bondie Signe
1278,LeSabre,Buick,Ricky Austen
1919,E150,Ford,Yuri Fibbens
2750,Ram 1500,Dodge,Karon Dozdill
2200,370Z,Nissan,Tildi Sugden
2760,Corsica,Chevrolet,Lyndsie McKim
1162,CL,Acura,Brittne Barstowk
2135,Sonoma Club Coupe,GMC,Gilles Veillard
1528,FX,Infiniti,Mellicent Pettegree
2462,Diamante,Mitsubishi,Pebrook Ryding
2172,Expedition,Ford,Eva Quigg
1308,GTI,Volkswagen,Trenton Perazzo
1536,Savana 3500,GMC,Darci Veque
2943,LHS,Chrysler,Casey Splevin
1764,3 Series,BMW,Juli Wolfer
2884,Freestyle,Ford,Hernando Castellaccio
1621,G35,Infiniti,Thacher Pethick
1805,Ranger,Ford,Justis Handforth
2394,Econoline E150,Ford,Riane Woehler
2520,57,Maybach,Cecil McGonnell
1114,Express 3500,Chevrolet,Bailie Wilkowski
1704,LR2,Land Rover,Lisha Smeall
2099,Grand Cherokee,Jeep,Martelle Denyakin
1933,Pajero,Mitsubishi,Caitrin Zelland
2261,G37,Infiniti,Timmy Blais
1851,LeSabre,Buick,Jacquelyn De Giorgis
2989,Legend,Acura,Thaddus Behning
1375,Golf,Volkswagen,Giuseppe Rubinsaft
1246,E-Series,Ford,Bernita Jecock
2120,Roadmaster,Buick,Ev Le Barr
1632,Beretta,Chevrolet,Philippine Laister
2833,6 Series,BMW,Ronny Headly
1409,Santa Fe,Hyundai,Reuven Keer
2723,Esprit,Lotus,Rheba Moreman
2030,Bonneville,Pontiac,Beverie Mattschas
2956,Econoline E250,Ford,Steward Dallicott
2013,Cabriolet,Volkswagen,Alika Cocker
1431,G-Series G30,Chevrolet,Cart Hassen
1313,Econoline E150,Ford,Nicolis Allder
1440,Sprinter,Dodge,Lorain Gasson
1230,911,Porsche,Keelby D'Acth
2799,Freelander,Land Rover,Shawnee Yushkov
1155,S70,Volvo,Cordie Washbrook
2814,New Beetle,Volkswagen,Tabbatha McKennan
2888,Vantage,Aston Martin,Urbano Purves
2693,Countach,Lamborghini,Hillard Nield
1706,SLK-Class,Mercedes-Benz,Shoshanna Tesimon
1371,Caliber,Dodge,Patricia Hehl
1720,Sequoia,Toyota,Evangelin Hyndson
2678,Wrangler,Jeep,Quinton Healey
1805,Defender Ice Edition,Land Rover,Aeriela Flaxman
2353,Sentra,Nissan,Allina Kobera
1933,Ram Van 1500,Dodge,Courtney Blazi
1819,545,BMW,Orelle Townshend
2278,4Runner,Toyota,Carolann Haskayne
1814,GTO,Pontiac,Ramonda Hrycek
2556,C-Class,Mercedes-Benz,Melli Boatwright
2406,Continental Flying Spur,Bentley,Theda Riteley
2971,G,Infiniti,Franz Wolfarth
2155,Allante,Cadillac,Fredra Magarrell
2231,9-2X,Saab,Cathlene Ross
1171,Pathfinder,Nissan,Del Leifer
2425,Thunderbird,Ford,Agna Luard
2744,Swift,Suzuki,Lilith Christofol
1874,Accent,Hyundai,Suki Itzcovich
2425,300M,Chrysler,Nathanial Maggiori
2685,GS,Lexus,Tadeas Eckly
2345,Accord,Honda,Ezra Andersson
1661,Grand Vitara,Suzuki,Woodrow Tumbelty
2635,Breeze,Plymouth,Meir Darrigrand
2318,Continental GT,Bentley,Mommy Randales
2716,Grand Caravan,Dodge,Herschel Stanhope
2329,Metro,Chevrolet,Braden Dymott
2235,Grand Vitara,Suzuki,Lazare Fearick
1509,SL-Class,Mercedes-Benz,Etti Rigglesford
2947,Corsica,Chevrolet,Kearney Keating
1964,Flex,Ford,Charita Jacobs
1753,X-Type,Jaguar,Carroll Juggings
2768,LeMans,Pontiac,Kiel Rodgier
2818,Continental GT,Bentley,Josy Hartzogs
2066,62,Maybach,Sonny Copestick
2452,SJ,Suzuki,Cari Purrier
2953,944,Porsche,Etienne Bison
1538,Montero,Mitsubishi,Kevon Sambidge
2074,S-Class,Mercedes-Benz,Hedwig Osborne
1900,Savana 2500,GMC,Beatriz Clorley
2931,Allroad,Audi,Orelle Brabbs
2432,Mazda3,Mazda,Hieronymus Hubble
1636,Coupe,Maserati,Esther Pentland
2574,EXP,Ford,Gustave Gallandre
1382,C8 Spyder Wide Body,Spyker,Emmi Doggart
2214,B-Series Plus,Mazda,Delmer Lanham
2633,Stylus,Isuzu,Carri Greschke
1375,Esperante,Panoz,Penny Szymaniak
2247,Oasis,Isuzu,Jim Trace
1551,Fox,Volkswagen,Aksel Euesden
2791,Beretta,Chevrolet,Hobey MacLaughlin
1080,Windstar,Ford,Augustus Pfaffel
1080,Lancer,Mitsubishi,Correy Giacobazzi
1036,T100,Toyota,Delaney Cordsen
2101,626,Mazda,Emelita Stut
2643,Firebird Formula,Pontiac,Garret Skechley
1155,V70,Volvo,Martynne Catford
2678,Stratus,Dodge,Hunt Candy
1324,Spectra,Kia,Lay Beasley
1452,Explorer,Ford,Francois Stanesby
1291,Monte Carlo,Chevrolet,Deloris Gaskal
1924,62,Maybach,Bella Fereday
1482,Camaro,Chevrolet,Kristofer Robbs
1295,F150,Ford,Adriano Switsur
1909,X-90,Suzuki,Belvia Cockshott
1308,Caliber,Dodge,Shell Galley
1388,Eos,Volkswagen,Odilia Dallmann
2910,Sierra 3500,GMC,Adler Eton
2243,H1,Hummer,Mick Kobierzycki
1643,ES,Lexus,Neel Scough
2120,Ram 2500 Club,Dodge,Lilas Allanson
1151,5 Series,BMW,Saunderson Ciottoi
1187,Sonoma,GMC,Amberly Beglin
2243,Escalade,Cadillac,Baily Richel
1319,Rabbit,Volkswagen,Lebbie Hawtin
2002,CTS,Cadillac,Lothaire Bartoleyn
2188,Mazda6,Mazda,Donalt Middle
1746,4Runner,Toyota,Barth Velareal
2939,Armada,Nissan,Lynelle Harpur
1942,B9 Tribeca,Subaru,Thayne Mars
2379,Savana 2500,GMC,Granville Aizikov
1385,Town Car,Lincoln,Elberta Crangle
1524,QX56,Infiniti,Paolo Roger
1495,Firebird,Pontiac,Delphine De Gregario
2152,Grand Caravan,Dodge,Abra Jagg
1848,Ranger,Ford,Rustin Wolfarth
1376,Windstar,Ford,Julie Bedbrough
1703,Savana 1500,GMC,Vallie Hearnaman
2019,Sienna,Toyota,Arch Stampfer
1517,H1,Hummer,Sebastiano Erangy
2623,QX56,Infiniti,Ruttger Rings
1913,Trooper,Isuzu,Glynnis Ryson
1605,7 Series,BMW,Tedra Hanes
1950,Escalade,Cadillac,Elston Buckwell
2770,Cirrus,Chrysler,Tasia Byrd
1463,Imperial,Chrysler,Kaye Bratch
1014,Century,Buick,Arlan Cowpe
2298,Prowler,Chrysler,Theresita Entwisle
1682,S-Type,Jaguar,Donnell Phillott
2210,Passat,Volkswagen,Kellen Blagburn
2878,3500,GMC,Rusty Fransseni
1509,Sable,Mercury,Zelma De Gregoli
2954,VehiCROSS,Isuzu,Juline Kornyshev
2193,Lancer Evolution,Mitsubishi,Theodore Saunton
2926,Montero,Mitsubishi,Vivyanne Cuthbertson
2570,Swift,Suzuki,Felicia Jecks
2698,Sentra,Nissan,Hamlin Blower
1508,Malibu,Chevrolet,Alexandrina Peer
1355,Country,Ford,Karilynn Fagence
1379,G-Class,Mercedes-Benz,Leese VanBrugh
2148,tC,Scion,Cosette Golling
1188,Rio,Kia,Felipa Da Costa
2162,S8,Audi,Westley Vinsen
1158,A4,Audi,Vania Kelloway
1294,911,Porsche,Heindrick Denholm
1678,GT-R,Nissan,Mollee Bouchard
1614,Silverado,Chevrolet,Lory Choffin
2082,Sonata,Hyundai,Hamilton Noel
2225,Escalade,Cadillac,Anna-maria Fetherstan
2396,QX,Infiniti,Demetria Dunston
2644,Hombre,Isuzu,Juan Berger
1327,Lumina,Chevrolet,Nat Chamberlain
2253,Civic Si,Honda,Drusie Nuttall
1418,Villager,Mercury,Brianne Leadbeater
2076,LTD,Ford,Carey Iveson
2256,Spectra,Kia,Janeczka Isaksson
1240,L300,Mitsubishi,Durante Jewis
1491,LS,Lexus,Johannes Huikerby
2186,928,Porsche,Godart De Winton
2184,Evora,Lotus,Electra Kinnach
1536,Clubman,MINI,Solly Loseke
1012,NSX,Acura,Gibb Hallagan
1249,Dakota,Dodge,Katine Gleeton
1710,Ram 3500,Dodge,Augustina Moizer
1287,Azera,Hyundai,Enrique Frost
1601,Sedona,Kia,George Bracegirdle
1156,Suburban 1500,GMC,Gauthier Sommer
2437,rio,Volkswagen,Zacharias Davinet
1632,LeSabre,Buick,Tamma Guerrieri
1483,Laser,Plymouth,Doti Ullyatt
2276,Estate,Buick,Rowney MacKnocker
1566,H3,Hummer,Nial Lethebridge
2967,Savana 2500,GMC,Ambrosio Scolding
1896,Cougar,Mercury,Raimundo Pantling
2771,Countach,Lamborghini,Gennie Chatband
1959,Elantra,Hyundai,Simon Carlisso
2208,Milan,Mercury,Boote Rieflin
1196,Sable,Mercury,Flin Skitterel
1562,Express 2500,Chevrolet,Letta Wolstencroft
2997,Passport,Honda,Roddy Lenham
1513,TL,Acura,Sileas Adamek
1837,Spider,Alfa Romeo,Jillane Wildbore
1105,Mountaineer,Mercury,Mirabel Coushe
1930,Savana 2500,GMC,Dillie Jeannot
2895,Club Wagon,Ford,Brandy Tregear
1826,Eclipse,Mitsubishi,Shani Sheldon
1152,Bonneville,Pontiac,Hermy Derill
1207,C-Class,Mercedes-Benz,Davide Burmingham
1421,Touareg,Volkswagen,Janette Dunston
1990,DB9,Aston Martin,Clem Fahy
2792,Land Cruiser,Toyota,Darell Sapena
2863,XC70,Volvo,Lilyan McGuffog
1549,Econoline E150,Ford,Marjorie Lammerich
2081,XT,Subaru,Gilles Cuckoo
2062,Corolla,Toyota,Christie Slavin
2069,Cooper,MINI,Janina Crumbleholme
2160,LR3,Land Rover,Fanni Messingham
1208,Prius Plug-in,Toyota,Aurore Allsop
1090,Maxima,Nissan,Cam Glasebrook
2765,RX-7,Mazda,Hal Lickess
1009,Celica,Toyota,Kahlil Kulis
1947,Skylark,Buick,Noami Fieldsend
2312,MX-5,Mazda,Grange Oyley
2762,Laser,Ford,Noella Bedingfield
2771,PT Cruiser,Chrysler,Orson Mendez
1847,Mustang,Ford,Elisabeth Synnot
1946,Civic,Honda,Myriam Danilevich
2883,X5,BMW,Patrica Dorney
2271,Dakota Club,Dodge,Cash Rubbens
1457,Ram 3500,Dodge,Sisely Kloisner
1183,Dakota Club,Dodge,Charis McEneny
2962,LaCrosse,Buick,Stanislas Beefon
2143,Wrangler,Jeep,Karia Verey
1501,Lucerne,Buick,Marge Somerscales
2712,Corolla,Toyota,Dulcine Kaygill
1229,Eclipse,Mitsubishi,Dudley McGiffin
2357,Suburban 2500,GMC,Eugine Lohering
2345,Tucson,Hyundai,Amelita Matteris
1439,Gallardo,Lamborghini,Alvina Fenkel
2533,RX-7,Mazda,Lizzie Aylett
2901,Miata MX-5,Mazda,Gradey Grece
1080,Civic,Honda,Conroy Rich
2830,Legend,Acura,Deena Snoding
1981,Achieva,Oldsmobile,Corene Karchewski
1552,LS,Lincoln,Kin Farquarson
2676,Century,Buick,Danyette Stinton
2192,Optima,Kia,Kat Dunderdale
2685,Insight,Honda,Aggie Keggin
2420,Town & Country,Chrysler,Cleveland MacGillivrie
2786,E-Class,Mercedes-Benz,Alexia Rewbottom
2609,Continental Flying Spur,Bentley,Barbe Ogilvy
2828,Yukon XL 2500,GMC,Stanley Flewin
1348,Viper,Dodge,Rolfe Martindale
2620,Integra,Acura,Fulton Taree
1212,D350 Club,Dodge,Reinold Pfaffe
1357,Tiburon,Hyundai,Randi Patullo
1927,F150,Ford,Guillaume Innett
2275,Charger,Dodge,Kalila Renak
1770,Esprit,Lotus,Dene Spurgin
1560,TSX,Acura,Shannon Keneford
1947,Laser,Plymouth,Garwood Coutts
2869,Tacoma Xtra,Toyota,Carl Bettley
1352,Truck,Mitsubishi,Abbi Prescott
1442,Silhouette,Oldsmobile,Correy Quarrell
2625,Electra,Buick,Stephani Inchcomb
1098,Crown Victoria,Ford,Ernest Farndell
1854,V40,Volvo,Hort McCusker
1616,Q,Infiniti,Joleen Vaughan
1151,Escort,Ford,Sybyl Jude
2660,Grand Caravan,Dodge,Berky Begbie
1202,Mountaineer,Mercury,Jeromy Newlands
2397,Firebird,Pontiac,Jeramey Stobbe
1859,S4,Audi,Garrot Dugue
2759,Caravan,Dodge,Nadeen Vaneschi
2621,Pathfinder,Nissan,Theobald Mullenger
1211,Optima,Kia,Dehlia Cornner
1549,LS,Lexus,Chelsie Kildale
1195,XK,Jaguar,Claribel Desporte
1705,G-Series 2500,Chevrolet,Athena Caistor
1987,6 Series,BMW,Spenser Ellerbeck
2477,Pacifica,Chrysler,Griffy Winser
1284,Escalade ESV,Cadillac,Blinnie Larmett
2043,Concorde,Chrysler,Lucas Whiffen
1782,NV2500,Nissan,Carlotta Mosten
2808,S4,Audi,Ted Fraser
2820,RL,Acura,Eleen Roebottom
1242,MKX,Lincoln,Kerr Thews
1637,Element,Honda,Dore Sphinxe
1114,Scoupe,Hyundai,Celine Cassey
1212,SLS-Class,Mercedes-Benz,Mallory Scambler
2731,Eldorado,Cadillac,Lonnie Skase
2025,Pilot,Honda,Rennie Hallihan
1153,Ridgeline,Honda,Lana Whisson
2184,Lancer,Mitsubishi,Mikaela Husthwaite
1288,Mazdaspeed 3,Mazda,Madonna Beseke
1722,IS-F,Lexus,Gnni Ciobotaro
1651,Axiom,Isuzu,Tiffany McCafferty
1900,Sebring,Chrysler,Gerome McLaverty
1235,Contour,Ford,Saleem Pache
1429,Ram Van 1500,Dodge,Aleta Breach
1616,RX-7,Mazda,Carny Avent
1335,CR-V,Honda,Hillard Jozaitis
1540,Fusion,Ford,Tandie Selwin
2044,Cutlass Supreme,Oldsmobile,Krissie Quainton
1300,SL-Class,Mercedes-Benz,Anabal Broyd
1305,ES,Lexus,Gabe Twomey
1737,S6,Audi,Mariska Purchon
2658,M-Class,Mercedes-Benz,Morley Fitchett
1240,Dynasty,Dodge,Sherm Taveriner
2771,S4,Audi,Marie Thridgould
2410,Escort,Ford,Aldwin Farragher
1421,Freelander,Land Rover,Doug Kopecka
1994,Elantra,Hyundai,Madelaine Berresford
2297,Rodeo Sport,Isuzu,Gawen Franks
2244,Venture,Chevrolet,Ezmeralda Kettell
1722,A4,Audi,Adriena Lucien
1317,Suburban 2500,Chevrolet,Kirbie Cookley
2832,Genesis Coupe,Hyundai,Daisie Germain
2657,Thunderbird,Ford,Talbot Enocksson
2447,S10 Blazer,Chevrolet,Garvey MacKay
2506,Azera,Hyundai,Trevor Larose
1212,Corvette,Chevrolet,Hurleigh Carcas
2634,Galant,Mitsubishi,Saundra Hehnke
1355,Viper RT/10,Dodge,Jephthah Swait
2542,Forester,Subaru,Germana Forker
2956,Town & Country,Chrysler,Karlotte Dispencer
1077,Mazda3,Mazda,Jodi Clearley
2639,Yukon,GMC,Kliment McMeeking
2044,Equinox,Chevrolet,Quillan Di Ruggero
2443,Bonneville,Pontiac,Quillan Mount
2268,Passat,Volkswagen,Tore Cahill
2111,Cressida,Toyota,Marguerite Gardner
2840,Tacoma,Toyota,Tabbie Bagot
1148,Fifth Ave,Chrysler,Dorene Ilchenko
2266,599 GTB Fiorano,Ferrari,Jeanette Splaven
2287,Esteem,Suzuki,Jill Harden
1117,Town Car,Lincoln,Katrine Capeling
1791,X-Type,Jaguar,Care Levesque
1459,B9 Tribeca,Subaru,Eberto Dhennin
2700,Imperial,Chrysler,Maggie Stanistreet
1084,LR3,Land Rover,Papageno Jodlkowski
2937,Blazer,Chevrolet,Fanny Dodds
2335,Lumina,Chevrolet,Chad Hanington
1600,G,Infiniti,Larina Matveichev
2968,Rio,Kia,Lewes Bestman
1124,Silverado 3500,Chevrolet,Ceil Brech
2902,Vandura 3500,GMC,Blakeley Cumber
1834,Fiesta,Ford,Gardy Agiolfinger
2912,Lynx,Mercury,Dotti Paff
2177,Escalade EXT,Cadillac,Johna Lavallin
1204,C-Class,Mercedes-Benz,Jannelle Dowse
1887,8 Series,BMW,Dar Parton
2920,Corolla,Toyota,Kalvin Stollenbecker
2958,6000,Pontiac,Had Dadley
2571,7 Series,BMW,Man Dome
1993,E350,Ford,Linc Butting
2460,Neon,Plymouth,Bartholemy Kendle
2722,Express 3500,Chevrolet,Aloin Brummell
2958,Grand Vitara,Suzuki,Melessa Vernay
1622,A7,Audi,Beale Bruniges
1158,Genesis,Hyundai,Arlyne Treversh
1834,Escape,Ford,Aloin Dignon
2078,STS,Cadillac,Dari Mathevon
1745,RL,Acura,Korey Reinisch
1219,Century,Buick,Abbie Kettridge
1521,Cressida,Toyota,Ariela Clampe
1378,Sable,Mercury,Aurora Dupree
2843,Spectra,Kia,Sasha Govett
2169,Accord,Honda,Chris O'Doireidh
2280,CL,Acura,Thayne Tembridge
2573,Summit,Eagle,Terri-jo Bowyer
2494,Sportage,Kia,Camey Beinisch
1728,Civic,Honda,Sheena Embleton
2043,IPL G,Infiniti,Garv Schwieso
2403,S-Class,Mercedes-Benz,Rachelle Ruddom
1877,Firefly,Pontiac,Gaynor Senchenko
1228,Defender 90,Land Rover,Jameson McGenis
1543,S4,Audi,Aurea Birdwistle
1711,Concorde,Chrysler,Angelita Beardsworth
1851,J,Infiniti,Wilbur Wylder
2776,2500,Chevrolet,Bruis Skamal
2142,Grand Prix,Pontiac,Archer Cooch
2170,Rally Wagon 2500,GMC,Jarid Audiss
1366,Sentra,Nissan,Drake Flori
1345,Cooper Clubman,MINI,Bert Pomphrey
1740,MX-5,Mazda,Hyman Fadden
1165,525,BMW,Inger Lemonby
1761,Aveo,Chevrolet,Donia Cortes
1017,Navigator,Lincoln,Horst Spragg
2258,Grand Prix,Pontiac,Felizio Grint
1169,Concorde,Chrysler,Vina Antrobus
2679,Grand Am,Pontiac,Saleem Battison
2320,S60,Volvo,Auguste McArthur
2059,Express 1500,Chevrolet,Marta Calan
2310,Ram Wagon B150,Dodge,Tabbatha Castro
1638,Equus,Hyundai,Farrand Behneke
2557,Neon,Dodge,Jefferson Bullan
2585,Topaz,Mercury,Tiffy Dunkersley
3000,Leone,Subaru,Madeleine Druett
2901,Lumina,Chevrolet,Clive Divis
2252,Wrangler,Jeep,Waiter Coen
2025,Stylus,Isuzu,Alanah McCree
1989,Canyon,GMC,Glyn Riccardi
1349,GT-R,Nissan,Deeanne Eva
2551,Monte Carlo,Chevrolet,Winslow Burridge
2380,F-Series,Ford,Thoma Posselt
1513,Volt,Chevrolet,Malissa Goodrich
2264,Discovery Series II,Land Rover,Christie Alpin
2343,Freelander,Land Rover,Bernadene Teresa
2584,Defender 90,Land Rover,Maressa Jeffcoate
1094,Prelude,Honda,Mallory Fuke
1443,D350 Club,Dodge,Sal McVee
2110,Sportage,Kia,Fayre Raffon
2605,Savana 2500,GMC,Toiboid Yate
2782,Corvette,Chevrolet,Emmie Van Hesteren
1041,I,Infiniti,Nicolai Noweak
1410,Skylark,Buick,Wendye Ballham
2638,Accord,Honda,Conant Greenmon
2437,5 Series,BMW,Gwen O'Lennane
2182,Grand Prix,Pontiac,Johann Tuckey
2459,Esprit,Lotus,Dell Mangham
1148,300ZX,Nissan,Emmett Mussettini
2966,Firebird,Pontiac,Eva Baggelley
2791,CLK-Class,Mercedes-Benz,Darsey Skirven
2189,MKS,Lincoln,Glendon Lammerich
1359,Yukon,GMC,Cairistiona Tabary
1565,8 Series,BMW,Barbey Ludford
2852,Town & Country,Chrysler,Mirabelle Giorgio
2887,1500,GMC,Maiga Aldwich
1559,300M,Chrysler,Walton Roskams
2938,E-Class,Mercedes-Benz,Jason Wedlake
1135,Sonoma,GMC,Jess Harvatt
1620,Pathfinder,Nissan,Howey Luthwood
1472,Silhouette,Oldsmobile,Alley Stapylton
2448,Tempest,Pontiac,Edy Bickmore
2870,Sierra 1500,GMC,Asia Pennetta
1367,RAV4,Toyota,Rey Brechin
2187,SL-Class,Mercedes-Benz,Marybeth Massenhove
1382,Vibe,Pontiac,Kippar Stillmann
1577,Classic,Rambler,Rudyard Tother
1037,Freelander,Land Rover,Rubina Caudelier
2098,Daewoo Magnus,Suzuki,Miranda Rigardeau
1782,S-Type,Jaguar,Vina Hansie
1735,Astro,Chevrolet,Merwyn Orman
1635,Azera,Hyundai,Johnnie Hatchell
1144,Suburban 1500,GMC,Maegan Fishbourne
1138,Freelander,Land Rover,Rhoda Prahl
2909,RX-7,Mazda,Yance Rubi
2646,430,Maserati,Cindi Iannetti
2350,62,Maybach,Alexandr Garroch
1004,Truck,Mitsubishi,Helenka Clive
1192,Yukon XL 2500,GMC,Fredericka Collings
1653,Econoline E350,Ford,Devonne Vaskov
1840,MKT,Lincoln,Virgil McSherry
2428,Altima,Nissan,Noah Morphew
2070,Evora,Lotus,Pearla Cacacie
1160,Aviator,Lincoln,Christie Faire
1918,Yukon XL 2500,GMC,Agneta Lazenby
2187,57,Maybach,Francis Yeldham
1150,Rockette,Fairthorpe,Arty Scaife
2052,Forester,Subaru,Camilla Rivelon
2232,Breeze,Plymouth,Chelsey Prestwich
1142,1500,GMC,Yehudit Konerding
1877,Mazda3,Mazda,Diena Aleksandrikin
2913,Tahoe,Chevrolet,Corty Smiz
2557,Lancer,Mitsubishi,Etienne Pranger
1691,Defender,Land Rover,Arlette Bollis
2386,Pilot,Honda,Daisy Boness
1431,200,Audi,Nicolais Barchrameev
1871,X5 M,BMW,Alf Farey
1219,Scirocco,Volkswagen,Osbert Sawkins
2364,Mustang,Ford,Blair Dyble
2031,1 Series,BMW,Archibald Brazener
1925,Ranger,Ford,Feodor Gasgarth
2178,Tahoe,Chevrolet,Cymbre Ausello
2536,Econoline E150,Ford,Emmeline Primmer
1463,Sierra,GMC,Staci Hotchkin
1541,Torrent,Pontiac,Bili Whiting
1680,Avalanche 2500,Chevrolet,Justus Sproule
2649,Mirage,Mitsubishi,Ethelda Chasles
2789,Passat,Volkswagen,Howard Gutridge
1370,Ram 1500,Dodge,Arliene Valsler
1314,LS,Lexus,Gerhardine Gentric
2254,Range Rover,Land Rover,Renard Noar
1282,F150,Ford,Harri Perryn
1440,Q7,Audi,Clemmie Coaster
1976,C-Class,Mercedes-Benz,Madella Gilyott
2686,Alcyone SVX,Subaru,Monah Guido
1307,Aurora,Oldsmobile,Betsy Beany
1267,S90,Volvo,Kristyn Doberer
1526,Prizm,Chevrolet,Ursuline McNay
2852,Alpina B7,BMW,Dorris Wycliffe
2647,Mighty Max,Mitsubishi,Nedda Wilfing
2979,Accent,Hyundai,Kirby Delacote
2520,Paseo,Toyota,Niko Somerled
2777,V70,Volvo,Flora Greaser
1675,Sable,Mercury,Bethina Gingle
1390,3500 Club Coupe,GMC,Tybie Jebb
1362,Cooper,MINI,Karita Cowdroy
1342,Land Cruiser,Toyota,Perry Espinoza
1440,9-3,Saab,Eddie Lefley
2995,Galant,Mitsubishi,Rodrigo Scrafton
2908,Cooper,MINI,Penni Froschauer
2781,SLX,Acura,Deirdre Screase
2382,V70,Volvo,Timoteo Beeck
2977,G6,Pontiac,Neil Van der Kruijs
2699,LTD Crown Victoria,Ford,Rozina Bissett
2902,Express 3500,Chevrolet,Fidelity Wolledge
2793,Savana 2500,GMC,Josee Farrow
2164,Tacoma,Toyota,Concettina Payley
2769,Rendezvous,Buick,Feodor Seiter
2732,Q5,Audi,Rosetta Denisard
2413,Pilot,Honda,Smitty Farquharson
2885,Express,Chevrolet,Dannel Ruzic
1407,Amigo,Isuzu,Kial Baldrey
2456,HHR,Chevrolet,Harper Fowlston
2673,Town & Country,Chrysler,Jerry Forshaw
2500,Miata MX-5,Mazda,Waylan Faulkes
1406,NSX,Acura,Antonie Stannas
2397,X6 M,BMW,Robert Speechley
1463,Echo,Toyota,Nerty Wickett
1857,Verano,Buick,Candida Hucker
2937,Cordia,Mitsubishi,Harv Petru
1017,LS,Lexus,Wylma Antonazzi
1108,3 Series,BMW,Neilla Bains
2997,MKT,Lincoln,Verla Balham
2418,Lancer,Mitsubishi,Jan Pude
1630,X5,BMW,Leoline Drissell
2934,CTS-V,Cadillac,Jacinta Robshaw
1512,Fusion,Ford,Kermie Riddlesden
1782,Suburban 2500,GMC,Alissa Frift
2639,IS-F,Lexus,Saxe Nicholson
1944,LS,Lexus,Gaile Pockett
1638,Mazdaspeed6,Mazda,Tiebold Hartlebury
2220,626,Mazda,Evania Diloway
2806,Roadmaster,Buick,Stavro Meyrick
2041,XK Series,Jaguar,Brooks Twinning
1274,Eos,Volkswagen,Bron Eason
2034,Avenger,Dodge,Liliane Aleso
1107,MDX,Acura,Nathan Breed
1407,GT500,Ford,Lyndsey Bolgar
2853,Elise,Lotus,Nixie Reuss
1271,Charger,Dodge,Corina Spens
1211,929,Mazda,Colline Maddrah
1846,57,Maybach,Corine Nicholson
2945,Cougar,Mercury,Jeanie Trineman
2555,Veyron,Bugatti,Ally Giorgini
1280,Charade,Daihatsu,Colleen Quinnell
2173,Tahoe,Chevrolet,Jasmina Abernethy
2890,Civic,Honda,Sidoney Buchanan
2204,Optima,Kia,Moselle D'Abbot-Doyle
2235,Tracker,Geo,Herold Yearn
1312,Accent,Hyundai,Robinson Gowrich
2239,Daewoo Lacetti,Suzuki,Harri Geydon
2291,Tribute,Mazda,Patin Philippou
2696,Passat,Volkswagen,Salvatore Parvin
2570,Grand Marquis,Mercury,Leonidas Hebden
1662,88,Oldsmobile,Ansley Kiltie
2380,Diamante,Mitsubishi,Fergus Addicott
2665,Escalade EXT,Cadillac,Virgie Ogilby
2150,Coachbuilder,Buick,Querida Caswill
2866,E-Class,Mercedes-Benz,Ellene Moyce
2232,Sonoma Club Coupe,GMC,Christy Webb
1101,Stealth,Dodge,Elie Crozier
1639,Acclaim,Plymouth,Elsworth Robertelli
1020,Silhouette,Oldsmobile,Harman Riche
2996,Sierra Hybrid,GMC,Tillie Bresson
1464,X-90,Suzuki,Darbee Byllam
1732,Intrepid,Dodge,Kathryn Hallmark
1032,C70,Volvo,Bil Branch
2579,MR2,Toyota,Karoly Casillis
1662,SRX,Cadillac,Yankee Grannell
1111,Legacy,Subaru,Xylia Pogg
1111,FX,Infiniti,Ceil Klagges
2706,V8 Vantage S,Aston Martin,Emelen Kernocke
2794,Impala,Chevrolet,Sunshine McNern
1023,Swift,Suzuki,Stacey Hubbuck
2406,Explorer Sport Trac,Ford,Johnette Scannell
1673,Solara,Toyota,Oates Dewing
2847,Suburban 2500,Chevrolet,Mirelle Ireland
2094,Esprit,Lotus,Emmalynne Francois
1256,R-Class,Mercedes-Benz,Barbette Loughren
2283,Talon,Eagle,Giselle Pennrington
1915,Golf,Volkswagen,Ajay Clinkard
1435,Dakota,Dodge,Juan Stonebanks
2289,Odyssey,Honda,Em Emes
2894,GS,Lexus,Vivyan Lunnon
1299,Pathfinder,Nissan,Allan Doerren
1234,Continental Super,Bentley,Shantee Honeywood
2156,Fusion,Ford,Hulda Cowey
1565,Jetta,Volkswagen,Charley Renachowski
2397,Prius Plug-in,Toyota,Gerhardine Picker
2625,E-Series,Ford,Glyn Grasha
1760,Altima,Nissan,Roberta O'Drought
2891,Intrepid,Dodge,Hulda Tunnicliff
2959,DB9,Aston Martin,Ardyth Haugh
1314,I,Infiniti,Basil Christofle
2217,5000S,Audi,Coleen Whittles
2360,Sequoia,Toyota,Tedi Vigurs
2961,190E,Mercedes-Benz,Penn Harrowsmith
1802,Canyon,GMC,Maude Moysey
1208,CR-V,Honda,Vladimir Dunkinson
2166,HHR,Chevrolet,Rochell Halwill
1482,RL,Acura,Alano Fayers
2736,4Runner,Toyota,Kimmy Riccio
2273,Chariot,Mitsubishi,Shell Somerset
2900,G,Infiniti,Chlo Hargey
2398,Tribeca,Subaru,Ellene Delos
2321,Explorer Sport,Ford,Dedie Tomas
2590,Sienna,Toyota,Perri Bier
1618,SLK-Class,Mercedes-Benz,Tommie Risen
1776,Touareg,Volkswagen,Bruis Taffie
1700,Gallardo,Lamborghini,Casar Merrick
1791,Astro,Chevrolet,Zora Clingoe
1836,Ram 1500,Dodge,Bevan Nunan
1816,Grand Caravan,Dodge,Reade Perone
1138,300M,Chrysler,Neville Gulliford
1298,Sienna,Toyota,Cale Enrico
2130,968,Porsche,Gannon Giraldon
2081,Capri,Mercury,Flint Hallihane
2145,Tundra,Mitsubishi,Andie Goodacre
1637,Sunbird,Pontiac,Lanae Stern
2529,Jetta,Volkswagen,Alta Isacke
1092,M5,BMW,Benni Craven
1119,Blackwood,Lincoln,Anita Rayhill
1217,Envoy XL,GMC,Giacopo Ferraresi
2719,GX,Lexus,Abrahan Capener
1902,Monza,Chevrolet,Bartolomeo Randleson
1593,QX,Infiniti,Lusa MacAleese
2755,Pathfinder,Nissan,Simon Bertenshaw
1816,Cabriolet,Volkswagen,Willem Blackster
1546,Landaulet,Maybach,Freemon Mannakee
1265,Aveo,Chevrolet,Tedmund Livesley
1706,Seville,Cadillac,Willy Sall
2191,Spectra,Kia,Rorke Cranston
2349,Ion,Saturn,Harv Worts
1301,Element,Honda,Bevin Whayman
2241,Mazda5,Mazda,Starla Dory
1371,SC,Lexus,Tisha Roaf
1157,Explorer Sport Trac,Ford,Goraud Le Gall
2594,E-Series,Ford,Hailee Billanie
2610,Tacoma,Toyota,Cori Deshorts
2684,Rendezvous,Buick,Tulley Buckberry
2917,Challenger,Mitsubishi,Sandie Lafflin
1501,Dakota Club,Dodge,Stephanie Acheson
2377,Xterra,Nissan,Annis Vurley
1197,xA,Scion,Orville Gremain
1276,Tempest,Pontiac,Nels Frisby
2552,Ram 1500,Dodge,Kara-lynn Camolli
1108,Aveo,Chevrolet,Basia Obeney
2755,SL-Class,Mercedes-Benz,Natalee Cawthorn
1253,MR2,Toyota,Thor Bengough
1083,Impreza,Subaru,Lindsy Syfax
1596,Aspen,Chrysler,Alyss Pedwell
1382,Prizm,Chevrolet,Tildi Feild
1177,Maxima,Nissan,Conchita Gadeaux
1503,Suburban 2500,GMC,Borden Longthorne
2778,Contour,Ford,Linn Bendik
2219,Montero,Mitsubishi,Carlina Sedgman
1151,Eclipse,Mitsubishi,Juline Vlasov
1017,Eos,Volkswagen,Elton Innot
2128,Intrigue,Oldsmobile,Ynes Anmore
2015,I,Infiniti,Elfie Keighley
2777,Cooper Clubman,MINI,Quentin Francom
1198,S10,Chevrolet,Reade Ashfold
2823,Corolla,Toyota,Rube Gillon
1377,Grand Am,Pontiac,Parnell Saenz
1454,Camaro,Chevrolet,Joseito Francesco
2495,Esperante,Panoz,Carina Dummer
1517,Range Rover,Land Rover,Fields Yakobovitz
1258,Somerset,Buick,Katrine Hookes
1712,VUE,Saturn,Leigh Ortzen
2795,Grand Prix,Pontiac,Eryn Baudino
1451,Q5,Audi,Dewitt Galland
1642,Grand Prix,Pontiac,Noah Smalcombe
1060,Rondo,Kia,Jody Cootes
1119,Laser,Ford,Luisa Tunny
2856,Legend,Acura,Giffer Jose
2847,Accord,Honda,Devin Spillman
2861,LS,Lincoln,Dennet Cleal
1651,Maxima,Nissan,Addison Pennini
2492,Grand Am,Pontiac,Jefferey Betho
1068,XL-7,Suzuki,Lancelot Stolte
2926,626,Mazda,Chic Bratt
1561,Celica,Toyota,Claudell Neller
1503,FX,Infiniti,Miguela Taffurelli
1779,Camaro,Chevrolet,Alecia Perford
1284,Ram Wagon B350,Dodge,Valina Marquiss
2097,E350,Ford,Cary Burgisi
2043,Corvette,Chevrolet,Spense Egdell
2010,Tacoma,Toyota,Maurizia Simpole
2145,Eldorado,Cadillac,Monroe Raithby
1082,F-Series,Ford,Modestia Aristide
1071,Vitara,Suzuki,Bryan Skeech
2070,Dakota,Dodge,Claresta Oneil
2753,Altima,Nissan,Melamie Lott
1630,Chariot,Mitsubishi,Cash McFetridge
2120,Supra,Toyota,Aurelie Gurry
1236,Villager,Mercury,Giraldo Moine
2997,LaCrosse,Buick,Adela Taffley
1913,RX-7,Mazda,Federico Louch
2568,1500,GMC,Arin Pestricke
2589,Mountaineer,Mercury,Guinna Mahady
1445,Frontier,Nissan,Cristobal Cohani
2429,Caliber,Dodge,Mordecai Attyeo
1658,Equus,Hyundai,Agneta Garvie
1571,Mazda6 5-Door,Mazda,Pierson Coniam
1947,Galant,Mitsubishi,Elsey Tyzack
2748,Horizon,Plymouth,Jorgan Jakubiak
2963,2500,GMC,Guglielma Rozea
1475,DeVille,Cadillac,Wyatan Sakins
2710,Trans Sport,Pontiac,Cris Ibel
1006,Outlander Sport,Mitsubishi,Carita Oran
1473,Prelude,Honda,Erina Morena
1510,GS,Lexus,Alix Bazelle
2227,Landaulet,Maybach,Reggie Farfalameev
2383,MX-5,Mazda,Marlow Hennington
1109,7 Series,BMW,Vincents Thairs
2770,Cougar,Mercury,Jefferey Corry
2547,Bronco,Ford,Finn Lamartine
1797,Sonata,Hyundai,Mendie Schober
2414,Sportvan G10,Chevrolet,Godiva Plumley
2122,Skylark,Buick,Eldredge Boggers
1412,ES,Lexus,Gerry Capinetti
2295,Frontier,Nissan,Christoper Bertomier
2668,G-Class,Mercedes-Benz,Brittani Tipton
1491,Accent,Hyundai,Grant Jiri
2034,Pajero,Mitsubishi,Agnes Massei
1828,Countryman,MINI,Garfield Fane
1223,Suburban 2500,Chevrolet,Chick Evens
1808,Land Cruiser,Toyota,Binnie Hurdis
2366,Century,Buick,Shell Stenners
2053,Prelude,Honda,Theadora Merkle
1813,Corvette,Chevrolet,Tiphanie Jennick
2705,Edge,Ford,Rebekah Elan
1792,Eclipse,Mitsubishi,Laurel Pawellek
1880,Freelander,Land Rover,Tallulah Axtell
2511,928,Porsche,Purcell Rumble
1358,SSR,Chevrolet,Diane-marie Devonish
2497,M-Class,Mercedes-Benz,Devora Trewin
2716,Firefly,Pontiac,Aryn Williams
1749,Nitro,Dodge,Derry Pash
2435,RX-8,Mazda,Reese Meysham
2346,300CE,Mercedes-Benz,Rochester Kruse
2103,Sonoma Club Coupe,GMC,Lorenzo Kleinplatz
2801,Tracer,Mercury,Karalee Shere
2144,Murci√©lago,Lamborghini,Arabella Skehens
1597,Citation,Chevrolet,Dwayne Vellden
1874,Tacoma,Toyota,Barnard O'Carran
1482,Samurai,Suzuki,Emilio Gutman
1353,Challenger,Mitsubishi,Scot Briskey
1434,Town Car,Lincoln,Norma Dallmann
1340,E-Class,Mercedes-Benz,Taddeo Tall
1334,Cougar,Mercury,Iver Cicchillo
2861,7 Series,BMW,Trescha Kerner
2263,Z4,BMW,Thorny Pressdee
1546,Accent,Hyundai,Koo Kurt
2071,Cutlass Supreme,Oldsmobile,Sandye Priest
2727,Econoline E250,Ford,Portia Garaway
2934,Ram Van 2500,Dodge,Penny Yeudall
1435,DB9,Aston Martin,Nicolais Skip
2574,C70,Volvo,Pace Mugglestone
1858,Voyager,Plymouth,Booth Denisyev
2474,XC90,Volvo,Tammara Cram
2681,R8,Audi,Corabel Troman
1407,Lumina,Chevrolet,Louis Tewkesbury
2071,HS,Lexus,Jenelle Halshaw
1204,Mark VIII,Lincoln,Baron Paprotny
1915,Roadmaster,Buick,Babs Bentzen
2148,Sportvan G30,Chevrolet,Teddie Lawday
1830,Neon,Dodge,Connor McIleen
1891,Accent,Hyundai,Storm Stranaghan
2880,Sable,Mercury,Gaelan Zannini
1878,V70,Volvo,Olag McKimmey
2592,E-Class,Mercedes-Benz,Michell Antwis
2529,Grand Marquis,Mercury,Rem Kyle
2289,E-Series,Ford,Roderick Comettoi
2816,Ghost,Rolls-Royce,Kendrick Cristofolini
2016,Corvette,Chevrolet,Boote Trew
1606,S80,Volvo,Moselle Gaitone
2482,Entourage,Hyundai,Lynnette Hudson
1902,TrailBlazer,Chevrolet,Raimund Salsbury
1350,Rondo,Kia,Noam Scardifeild
1691,Grand Caravan,Dodge,Edie Klimek
1265,TrailBlazer,Chevrolet,Ive Rozzell
2757,Defender 90,Land Rover,Sydel Dollard
2864,Grand Vitara,Suzuki,Willie Fellgett
2136,M5,BMW,Berna Kimmince
1418,CLK-Class,Mercedes-Benz,Cam Farron
1430,Continental Mark VII,Lincoln,Angelique Wisdom
1988,S80,Volvo,Dacy Venart
1478,Malibu,Chevrolet,Carolan Bunner
2144,Altima,Nissan,Pernell Grunwall
2663,XC70,Volvo,Esther McWhin
1972,GX,Lexus,Bidget Apedaile
1516,Excel,Hyundai,Lexine Aspland
2849,Accord,Honda,Rollo Hubble
1783,SLK-Class,Mercedes-Benz,Jorie Ruger
1372,S4,Audi,Tiffi Keysel
2454,RX Hybrid,Lexus,Hakim Eayres
1352,Neon,Dodge,Chantalle Load
1824,E-Class,Mercedes-Benz,Wren Scrimshaw
2385,Altima,Nissan,Abran Cruse
2880,GTO,Pontiac,Garik Petriello
2662,Gallardo,Lamborghini,Amelita Baum
2532,E-Class,Mercedes-Benz,Mitzi Janatka
1153,Mazda5,Mazda,Anthe Dixcee
2570,S40,Volvo,Hervey Lashmore
2000,Monte Carlo,Chevrolet,Seumas Kynsey
1613,Frontier,Nissan,Maurice Laminman
2045,CTS,Cadillac,Nata Lumm
1461,Equus,Hyundai,Mac Dimitrie
1816,Durango,Dodge,Giusto Shailer
2397,Concorde,Chrysler,Levy Dhennin
1019,Celica,Toyota,Sydelle Burkin
1476,M3,BMW,Yul Gremane
2016,E-Class,Mercedes-Benz,Blanch Meiklejohn
2735,RX,Lexus,Ches Bunten
1877,Tempest,Pontiac,Beau Chree
2094,Golf,Volkswagen,Sauncho Braddon
1877,Jetta,Volkswagen,Iain Martignoni
2364,Grand Cherokee,Jeep,Claudette Yaus
1727,XC60,Volvo,Tadeo Chomiszewski
2372,Discovery,Land Rover,Amelita Burner
2041,Sentra,Nissan,Olivero Preene
2282,V40,Volvo,Gerladina O' Mulderrig
1271,599 GTB Fiorano,Ferrari,Luigi Van der Daal
2630,Escalade ESV,Cadillac,Bella Lott
1231,QX,Infiniti,Ardeen Surgener
2683,Countach,Lamborghini,Kanya Girardey
1391,Quantum,Volkswagen,Robena Hullock
1239,Ram 2500,Dodge,Gasper Crumpe
2860,GL-Class,Mercedes-Benz,Stephan Pfeifer
1674,Sonoma,GMC,Codie Maxwaile
2681,F250,Ford,Shelly Dulwitch
2178,C-Class,Mercedes-Benz,Kimble Thorby
2922,Esprit,Lotus,Loralee Dobrowolny
2206,C70,Volvo,Nanice Folomin
2722,M,Infiniti,Ros Sansom
2719,EX,Infiniti,Travus Toopin
1420,Hombre Space,Isuzu,Jozef Tummond
2331,del Sol,Honda,Waring Byford
2966,Gallardo,Lamborghini,Cairistiona Sawnwy
2137,Pilot,Honda,Dorrie Pavy
2846,Sienna,Toyota,Vinita Jepson
1337,B-Series,Mazda,Pammy Leare
2559,Civic,Honda,Dane Nancekivell
2070,Lynx,Mercury,Kevon Ree
1946,Avenger,Dodge,Dunc Vasyutin
2302,G6,Pontiac,Greer Alti
1982,Thunderbird,Ford,Sammie MacAdam
1970,Intrepid,Dodge,Tawsha Bothram
1200,RX-7,Mazda,Conchita Diviny
1615,Typ-1,Aptera,Sawyere Dickey
2842,Coachbuilder,Buick,Thorn Connop
1291,XT,Subaru,Randy Gutherson
1731,Summit,Eagle,Georgia Ryall
1556,Ram Van 1500,Dodge,Magdalen Guiel
2741,Express 1500,Chevrolet,Annalise Larman
1044,98,Oldsmobile,Catriona Christoffe
2018,S10,Chevrolet,Cathleen Clemont
2496,Elantra,Hyundai,Nona D'Almeida
2222,V70,Volvo,Keslie Dudny
2483,Express 3500,Chevrolet,Stanislaus Chatteris
2530,599 GTB Fiorano,Ferrari,Jamaal MacPaik
2219,Sonoma Club,GMC,Bonnibelle Luppitt
1292,911,Porsche,Letitia Fawdry
1326,Sierra 3500,GMC,Jodee Ginner
1187,Highlander,Toyota,Bobbye Dallender
2802,M-Class,Mercedes-Benz,Dill Syrad
1009,Z4,BMW,Rana Croston
1457,Impreza,Subaru,Melessa Schrader
2569,Malibu,Chevrolet,Ambros Bouchard
2341,Ram Van 3500,Dodge,Loreen Ketchaside
1190,Mountaineer,Mercury,Tadeo Chatain
2866,Aviator,Lincoln,Lyn Riolfi
2925,2500,Ram,Eugen Balducci
2804,Passat,Volkswagen,Margy Christoffersen
2217,Montero Sport,Mitsubishi,Olympe Lumb
2117,Entourage,Hyundai,Constanta Hulls
2185,Q7,Audi,Orel Kloser
2328,Dakota,Dodge,Rudd Fontanet
2976,S-Class,Mercedes-Benz,Merry Davidi
1698,Taurus,Ford,Vivi Tarbett